id,title,score,num_comments,author,created_utc,url,over_18,edited,spoiler,stickied
1gkzbct,Most demanding skills in DE 2025. What's Next ,86,53,theant97,2024-11-06 14:08:05,https://www.reddit.com/r/dataengineering/comments/1gkzbct/most_demanding_skills_in_de_2025_whats_next/,False,False,False,False
1gky69p,Just got certified for Databricks data engineer associate for my next job ,71,6,Low-Veterinarian-859,2024-11-06 13:12:38,https://www.reddit.com/r/dataengineering/comments/1gky69p/just_got_certified_for_databricks_data_engineer/,False,False,False,False
1gl0syw,Worked as a data engineer for 2.5 years and have worked only on SQL,54,13,just_bangalore,2024-11-06 15:15:34,https://www.reddit.com/r/dataengineering/comments/1gl0syw/worked_as_a_data_engineer_for_25_years_and_have/,False,False,False,False
1gkrk5d,What do you guys think about drag and drop data pipelines?,23,25,itsawesomedude,2024-11-06 05:53:54,https://www.reddit.com/r/dataengineering/comments/1gkrk5d/what_do_you_guys_think_about_drag_and_drop_data/,False,False,False,False
1gkuv0m,5 years total exp wont get promoted to Senior DE ,21,26,darvidas,2024-11-06 09:44:08,https://www.reddit.com/r/dataengineering/comments/1gkuv0m/5_years_total_exp_wont_get_promoted_to_senior_de/,False,False,False,False
1gkmldi,"If an opportunity is given to start fresh, what are the things that you would recommend to learn or the books to read ?",18,3,iceberg_1001,2024-11-06 01:05:25,https://www.reddit.com/r/dataengineering/comments/1gkmldi/if_an_opportunity_is_given_to_start_fresh_what/,False,False,False,False
1gkynut,spark-fires update - flaming good?,16,2,owenrh,2024-11-06 13:37:02,https://www.reddit.com/r/dataengineering/comments/1gkynut/sparkfires_update_flaming_good/,False,False,False,False
1gl7eav,How much should you be generalizing your ETL pipelines?,21,12,echanuda,2024-11-06 19:53:59,https://www.reddit.com/r/dataengineering/comments/1gl7eav/how_much_should_you_be_generalizing_your_etl/,False,False,False,False
1gkx70d,Which cloud technology ?,8,8,Various-Ad-6587,2024-11-06 12:19:16,https://www.reddit.com/r/dataengineering/comments/1gkx70d/which_cloud_technology/,False,False,False,False
1gl6k3s,Fabric or Databricks ?,12,20,Free-Traffic-3166,2024-11-06 19:18:34,https://www.reddit.com/r/dataengineering/comments/1gl6k3s/fabric_or_databricks/,False,False,False,False
1gkuui9,GitHub - pracdata/awesome-open-source-data-engineering: A curated list of open source tools used in analytics platforms and data engineering ecosystem,4,0,ithoughtful,2024-11-06 09:43:07,https://github.com/pracdata/awesome-open-source-data-engineering,False,False,False,False
1gl8i7g,OPTIMIZE-ing partitioned data in Iceberg tables with multiple partition layers?,4,2,XxNerdAtHeartxX,2024-11-06 20:39:53,https://www.reddit.com/r/dataengineering/comments/1gl8i7g/optimizeing_partitioned_data_in_iceberg_tables/,False,False,False,False
1gl7ja8,Entry level Data Engineering Salary?,3,3,BigConference1514,2024-11-06 19:59:18,https://www.reddit.com/r/dataengineering/comments/1gl7ja8/entry_level_data_engineering_salary/,False,False,False,False
1gl31rs,Would you choose Azure Synapse Analytics as a data warehouse?,5,19,manugomezr,2024-11-06 16:52:39,https://www.reddit.com/r/dataengineering/comments/1gl31rs/would_you_choose_azure_synapse_analytics_as_a/,False,False,False,False
1gkxu89,Advice on AWS Skills and Job Market Realism?,4,2,TemperatureSmall4983,2024-11-06 12:55:34,https://www.reddit.com/r/dataengineering/comments/1gkxu89/advice_on_aws_skills_and_job_market_realism/,False,False,False,False
1gl5i7h,Analytics With Postgres as source recommendations,3,4,Agile_Trash_470,2024-11-06 18:34:53,https://www.reddit.com/r/dataengineering/comments/1gl5i7h/analytics_with_postgres_as_source_recommendations/,False,False,False,False
1gku462,Preparation tips for Azure DP-600 certification exam,3,3,Rare-Mix5847,2024-11-06 08:49:05,https://www.reddit.com/r/dataengineering/comments/1gku462/preparation_tips_for_azure_dp600_certification/,False,False,False,False
1gl7ybe,Thesis topic,2,2,EntryBig5383,2024-11-06 20:16:34,https://www.reddit.com/r/dataengineering/comments/1gl7ybe/thesis_topic/,False,False,False,False
1gl7oi3,Guidance help! I feel I am not a data engineer anymore..,2,9,OneCupOfEspresso,2024-11-06 20:04:53,https://www.reddit.com/r/dataengineering/comments/1gl7oi3/guidance_help_i_feel_i_am_not_a_data_engineer/,False,False,False,False
1gl3swn,Website Portfolio,2,2,North_Presentation31,2024-11-06 17:23:46,https://www.reddit.com/r/dataengineering/comments/1gl3swn/website_portfolio/,False,False,False,False
1gl1n2j,Panic/not so confident about switching jobs,2,1,TypicalQueryMan,2024-11-06 15:52:27,https://www.reddit.com/r/dataengineering/comments/1gl1n2j/panicnot_so_confident_about_switching_jobs/,False,False,False,False
1gkynq2,"In Friday I start to work in a new company as a Senior DE, advices?",2,5,Irachar,2024-11-06 13:36:51,https://www.reddit.com/r/dataengineering/comments/1gkynq2/in_friday_i_start_to_work_in_a_new_company_as_a/,False,False,False,False
1gkvtq4,Beginner Level Projects on Pyspark guidance ,2,2,Visible-Income-825,2024-11-06 10:55:00,https://www.reddit.com/r/dataengineering/comments/1gkvtq4/beginner_level_projects_on_pyspark_guidance/,False,False,False,False
1glaizg,Better strategy to extract data from relational databases,1,1,Significant_Pin_920,2024-11-06 22:05:05,https://www.reddit.com/r/dataengineering/comments/1glaizg/better_strategy_to_extract_data_from_relational/,False,False,False,False
1gla830,Data Versioning on Snowflake ,1,0,Judessaa,2024-11-06 21:52:23,https://www.reddit.com/r/dataengineering/comments/1gla830/data_versioning_on_snowflake/,False,False,False,False
1gl9w1s,For my european DEs: Thoughts about the manfred report?,0,2,Mr_Nicotine,2024-11-06 21:38:14,https://www.reddit.com/r/dataengineering/comments/1gl9w1s/for_my_european_des_thoughts_about_the_manfred/,False,False,False,False
1gl9i1w,Feedback on my budget GCP pipeline (in prod :/),1,0,lennylion321,2024-11-06 21:21:43,https://www.reddit.com/r/dataengineering/comments/1gl9i1w/feedback_on_my_budget_gcp_pipeline_in_prod/,False,False,False,False
1gl6n8e,Ml/AI Data solutions Architect ,1,1,Agreeable_Produce_86,2024-11-06 19:22:11,https://www.reddit.com/r/dataengineering/comments/1gl6n8e/mlai_data_solutions_architect/,False,False,False,False
1gl2wif,Starting Small Consultancy - Questions on Extracting/Storing Client Data,1,4,jackets0601,2024-11-06 16:46:38,https://www.reddit.com/r/dataengineering/comments/1gl2wif/starting_small_consultancy_questions_on/,False,False,False,False
1gl1x2g,It is better to create a data warehouse or use SharePoint for this Situation ,1,2,EuphooricAnalyst,2024-11-06 16:04:10,https://www.reddit.com/r/dataengineering/comments/1gl1x2g/it_is_better_to_create_a_data_warehouse_or_use/,False,False,False,False
1gl643c,Free ETL tools [Recommendation],0,5,PhysicalAd2072,2024-11-06 19:00:10,https://www.reddit.com/r/dataengineering/comments/1gl643c/free_etl_tools_recommendation/,False,False,False,False
1gl2zy6,A blog for folks interested in “the data domain”,0,6,Illustrious-Bag-3445,2024-11-06 16:50:32,https://www.reddit.com/r/dataengineering/comments/1gl2zy6/a_blog_for_folks_interested_in_the_data_domain/,False,False,False,False
